{
  "train_loss": [
    0.26823155730962756,
    0.14330215826630593,
    0.13768544383347034,
    0.08516856953501702,
    0.0761850468814373,
    0.08591923303902149,
    0.07311118394136429
  ],
  "val_loss": [
    0.2321829820672671,
    0.1315537809083859,
    0.08352047329147656,
    0.05927493485311667,
    0.04857975446308652,
    0.04141149545709292,
    0.04153156653046608
  ],
  "train_acc": [
    87.75510204081633,
    91.83673469387755,
    91.15646258503402,
    97.95918367346938,
    99.31972789115646,
    98.63945578231292,
    97.95918367346938
  ],
  "val_acc": [
    84.0909090909091,
    100.0,
    100.0,
    100.0,
    100.0,
    100.0,
    100.0
  ]
}