{
  "train_loss": [
    0.2833488969287525,
    0.00010520911261361714,
    0.0008588636798473696,
    3.986796309618512e-05,
    0.00024208498264973363,
    0.0005371530172245306,
    0.06684514840283858,
    0.0017736639880846876,
    0.006806628799192064
  ],
  "val_loss": [
    3.971953272819519,
    2.8095250725746155,
    0.12239910289645195,
    0.0028846513596363366,
    0.00016829786909511313,
    7.165929673647042e-05,
    0.0005141079745953903,
    0.0008091196359600872,
    0.00032816042948979884
  ],
  "train_acc": [
    80.0,
    100.0,
    100.0,
    100.0,
    100.0,
    100.0,
    97.5,
    100.0,
    100.0
  ],
  "val_acc": [
    50.0,
    50.0,
    95.0,
    100.0,
    100.0,
    100.0,
    100.0,
    100.0,
    100.0
  ]
}