{
  "train_loss": [
    1.2260381867145669,
    0.9819919672505609,
    0.9359208941459656,
    0.8919914529241365,
    0.8877418185102528,
    0.8327448388625835,
    0.8218238230409294,
    0.8426461569194136
  ],
  "val_loss": [
    1.0222177542746067,
    0.8782394230365753,
    0.8356441408395767,
    0.8240657262504101,
    0.788489080965519,
    0.806750763207674,
    0.7766441628336906,
    0.7702721059322357
  ],
  "train_acc": [
    39.30885529157668,
    56.371490280777536,
    56.587473002159825,
    57.23542116630669,
    56.15550755939525,
    60.259179265658744,
    61.98704103671706,
    59.611231101511876
  ],
  "val_acc": [
    46.82539682539682,
    61.904761904761905,
    65.07936507936508,
    65.07936507936508,
    63.492063492063494,
    59.523809523809526,
    63.492063492063494,
    60.317460317460316
  ]
}